Text,Sentiment
"Kickers on my watchlist XIDE TIT SOQ PNK CPW BPZ AJ trade method 1 or method 2, see prev posts",positive sentiment
user: AAP MOVIE. 55% return for the FEA/GEED indicator just 15 trades for the year. AWESOME.,positive sentiment
user I'd be afraid to short AMZN - they are looking like a near-monopoly in eBooks and infrastructure-as-a-service,positive sentiment
MNTA Over 12.00,positive sentiment
OI Over 21.37,positive sentiment
PGNX Over 3.04,positive sentiment
AAP - user if so then the current downtrend will break. Otherwise just a short-term correction in med-term downtrend.,negative sentiment
Monday's relative weakness. NYX WIN TIE TAP ICE INT BMC AON C CHK BIIB,negative sentiment
GOOG - ower trend line channel test & volume support.,positive sentiment
AAP will watch tomorrow for ONG entry.,positive sentiment
i'm assuming FCX opens tomorrow above the 34.25 trigger buy. still very much like this setup.,positive sentiment
"It really worries me how everyone expects the market to rally now,usually exact opposite happens every time we shall see soon bac spx jpm",positive sentiment
AAP GAMCO's arry Haverty : Apple Is Extremely Cheap Great Video !!!,positive sentiment
user Maykiljil posted that. I agree that MSFT is going higher & possibly north of 30,positive sentiment
Momentum is coming back to ETFC Broke MA200 resistance on solid volume Friday. ong set-up,positive sentiment
HA Hitting 35.65 means resume targeting 42 level ..,positive sentiment
user gameplan shot for today but I liked on trend break from May or c+h break. OC weekly trend break back to july 2011,positive sentiment
with FCX gapping well above ideal entry looking for a pull in to at least 35 on open for an entry,positive sentiment
"user great list again, particularly like FISV and SYK. All buy & hold types should check the free list out.",positive sentiment
ATHX upper trend line,positive sentiment
NG - nice PNF BY - breakout - need follow thru,positive sentiment
Won't believe AAP uptrend is back until it crosses above MA(50),negative sentiment
X swing still on,positive sentiment
SWY - 30% of float short and breaking out - ouch,positive sentiment
BIOF wants 4.90's comin!!!,positive sentiment
VS inverted head and shoulder play out well. Wasn't able to catch the entry. Eyes on it,positive sentiment
"red, not ready for break out.",negative sentiment
EI close to breaking out now. My trigger is at 30.40.,positive sentiment
user BAC For a quick Trade to late..But for investing ~11.98 is a good entry point IMHO,positive sentiment
"CHDN - ong  49.02. Trailing Stop 56.66 from 6 prior Stops of 54.17, 49.88, 49.82, 45.47, 43.02 & 41.92 -",positive sentiment
AAP VOME today is impressive. At this rate and well probably get to 30M shares traded today.,positive sentiment
"user: been adding VXY long off the bottom today for trade, also got WPI near low",negative sentiment
"I repeat, if global economy is going to get better this year go with C instead of BAC",positive sentiment
GOOG go ONG on close above 725.,positive sentiment
NKD looking like a good short. Failed to break price level resistance at 116 today.,negative sentiment
GS like the price action. So far holding above 130. Still deciding whether to go ONG calls or stocks.,positive sentiment
SBX buy when it clears resistance at 54.5,positive sentiment
here is NEW up target for AAP and notice shakeout reading at -8.49 ! and we had buy dot Monday,positive sentiment
Too early to short into this move. Stock Market needs a few days to settle down. #Patience COH BWD DT AAP PAY,negative sentiment
AAP obbers hit Apple Store in Paris. Prefer to take merchendise over cash. Bullish.,positive sentiment
AXA Here is my tip of the day. Buy now! You do not even have to sign up for a newsletter or anything O If I'm wrong I will eat crow :),positive sentiment
X out the 1/2 due to the move today and the Kirby on the daily around 26.00 - still swinging 1/2,positive sentiment
"AAP 10 min short won now longs have fully added in, look for a pop here with market,shakeout reset",positive sentiment
NG stellar move - still long swing - full position - I believe user & user in it 2,positive sentiment
ATICE & TADE SETP: KO AN CNX,positive sentiment
IDCC 50SMA acting as a good support. Short-term momentum indicators have switched to the upside.,positive sentiment
"NEW POST: BAC Is At 19 Month Highs, But Showing Signs of Stress",positive sentiment
c two daily bull flags on top of each other=bullish still,positive sentiment
NG - traditional and AT point and figure - bullish BY signals multiyear high,positive sentiment
jpm closed>10sma on Monday(u know my rules)...large cup n handle....still bullish,positive sentiment
EOG ascending triangle - original target 127 extension EPS Feb 11th? 1/2 position swing,positive sentiment
"aapl daily , broke downtrend(from closing prices) now w v pattern back in play.......600 target",positive sentiment
PHM PulteGroup Option Bear bets 1.5 Million on 11% down move by April,negative sentiment
BAC In a 11.97 for a trade,positive sentiment
Short Setups displaying relative weakness: AO COH PAY BWD DT SHD WTW P Prepare to short the stall. ES_F,negative sentiment
"When AMZN monetize all electronics it makes with traffic to marketplace, AAP GOOG will wake up and say why didn't we buy EBAY",positive sentiment
"CVI starting with a clean book, making first buy of the yr - entry 49.54 stop 47.43",positive sentiment
SAM cheers to the temporary solution to our economic woes - entry 139.81 stop 131.92,positive sentiment
SK to the GAVE!,negative sentiment
ovti ttm ending Oct 2012 Negative 151 million operational cash flow.. 273% decline vs yoy ttm ending oct 2011,negative sentiment
AAP and GOOG should respond positively to good jobless claims numbers,positive sentiment
Analyst price targets and earnings targets coming down---EXACTY what you want to see prior AAP reporting.,positive sentiment
user Nice! Color me an INTC bull as well!,positive sentiment
"Heads p: AA Earnings (1/8/13) ess Than a Week Away, Tho The Season Doesn't EAY Begin Cranking 'Til 1/16 w/ GS JPM EBAY et al...",positive sentiment
"trade idea buy WO market 26.64, target 36, cut below 23.50",positive sentiment
"Trade idea buy DC market 58.50, target 67 , cut below 53",positive sentiment
GOOG looks all set to make new ATH. Now before or after E is the unknown.,positive sentiment
GOOG trade this one long verse 10sma,positive sentiment
"FNF - ong 19.43. Trailing Stop 21.04 from 6 prior Stops of 19.71, 19.52, 18.70, 18.65, 18.07 and 17.87 -",positive sentiment
"FOD should see a solid move up tom, system predict nice green candle.",positive sentiment
This is the year of fitness and health apps...the winners will be gynormous and the speculation will run high nke,positive sentiment
It's time to invest in MSFT COMPQ,positive sentiment
"New Post: Shorts Will Make Dimes, ongs Will Make Dollars AAP SPX QQQ P",positive sentiment
nbelieveable payment trend that VC's are chasing has easily played out in public markets.... EBAY V and Mastercard MA all time highs,positive sentiment
Some of the watch list stocks that triggered today OEX AGNX TV VBD XIDE PPC EXP ONTY BMN FS WK CHMT FBC ISI AIG,positive sentiment
Nice Bull flag breakout here OC #technology #software,positive sentiment
My setup alerts went bonkers today..One of many that got triggered.Cup+Handle breakout in PFE,positive sentiment
The host with the most....congrats to the cloud today AX and user more all-time highs. wow,positive sentiment
X Did .S. Steel Just Breakout? MT too,positive sentiment
DNDN has broken through the clear 5.5 resistanc level on heavy volume & could be headed much higher,positive sentiment
EXPE looks good for higher prices,positive sentiment
apc weekly setting up long.,positive sentiment
I am going into this morning long 3 each AAP 560 call options & GOOG 725 calls Jan 4th expiration,positive sentiment
ES_F path higher unthreatened unless 1452.25 support fails. See resistance at 1466.00 SPX #stocks.,positive sentiment
Monitor the S line/price dynamic. Stocks that closed Dec.28 with the S line in new highs be4 price. MHO TSM IPGP EQIX BC BDC ASH,positive sentiment
DDD IDCC continue higher,positive sentiment
"Had hoped to pick up some OST today, but looks like I'm a day too late. Nice move up this morning.",positive sentiment
GPS wow that wa s a fast fast fade...,negative sentiment
AMZN going above 260. Should go near 300 if market behaves for a few weeks.,positive sentiment
Huston we have a GEEN AAP,positive sentiment
P long 9.55,positive sentiment
HN breakout...but 3rd day up so look for pullback to enter long.,positive sentiment
NG - ascend triangle much like FS & X breakouts 127 exten then 161.8 targets - fibs subjective,positive sentiment
KCG ... things that make you go hmmmm?,positive sentiment
VNG - Huge news from patent attorney Dan avicher,positive sentiment
NG nhod - check the weekly - target previous lows 2006 :),positive sentiment
NG nhod - what do you see? check the weekly - target previous lows 2006 :),positive sentiment
AIG American International Group Option Traders bet on 4% down move by next Friday,negative sentiment
P out balance +.32,positive sentiment
VNG buys vs. Sells?,positive sentiment
BAC In 12.00 since there is consolidation this level. We could close = > 12.09 if market is stable in pm IMHO.,positive sentiment
VNG Parabolic moves are a comin',positive sentiment
New Sony pre-owned block tech patent unearthed SNE ... 50% of GME profits from pre owned ..last one out turn off the lights,negative sentiment
"we liked VS, we love WYNN from 111 entry to new up target yesterday at 121. very nice !",positive sentiment
user: SPX 1464.90 Wave iv would be 20 points lower [1467.00 KEY] ES_F HOD 1460.00 (under neckline 1458.50 very bearish),negative sentiment
"DDD consolidating the strong move from previous days between 55 and 60, next buy point above 60 on volume (holding).",positive sentiment
VNG - 12 mil shares shorts plus long buying = massive VNG short squeeze. Just when you thought story was dead avicher kills short thesis,positive sentiment
"Wow, not good for BKS T user ... sales for the Nook were down 13% over the holidays",negative sentiment
AC from watch list - volume did pick up and is now 139% of full day average -from 200-day bounce,positive sentiment
"The new wightwatchers ads are more fun and light and with regular people more interesting, but I still dont trust them WTW (no position)",negative sentiment
AMZN holding up well - next buy point when clears this upper trend line on heavy volume,positive sentiment
MA exactly what you want to see a follow thru day after breaking out to new highs on volume,positive sentiment
ZCS user There's your buying,positive sentiment
AAP SPY no more QE for 2013. Now bring the Geithner.,negative sentiment
Over extended stock market + unexpected news from the FED minutes = Down ESD & a panicky ES_F NQ_F.,negative sentiment
"SPY ncle Ben needed to spice up things a little. AAP people were bored, wake up now.",negative sentiment
AAP might close at the lows of the day. Bears will be in control again below the descending trendline. Watch it.,negative sentiment
FAN - seeking 200d. Im adding some synthetic shorts here and will add again at 200d.,negative sentiment
"CWST low of day 4.50, near high of day 4.56, watchn for b/out, minimal risk",positive sentiment
All of the above: gme Gamestop short targets spy,negative sentiment
time to get out of the #cloud stocks VMW CM,negative sentiment
BAC Keep Overniight mmy pos. will bin premarket Tmorrow too.,positive sentiment
Polk Expects 2013 .S. New Vehicle egistrations to each 15.3 Million - Polk - F GM I think this is low,positive sentiment
Very bullish on market also talked trends for SCTY OST ANGI FIO PANW A JCP P YEP MNST GPN on show.,positive sentiment
BAC what happens next?,negative sentiment
KCG someone bought 3.22k 4 Jan 18 Calls....,positive sentiment
Man I didnt know about Skippy when I made this...would have thrown in a jar H #Hormel,positive sentiment
"Big move in bonds today, 7 months high for 10 y rate, still going lower here ZN_F, could get truly ugly if good NFP number in AM SPY TT",positive sentiment
Market Wrap Video + Additions to Watch ist including: BCEI BJI CEE ES SONS SQNM NX YEP,positive sentiment
Maybe when vrng asked the judge for a 7% royalty it became too risky for goog to deal with? they want to settle,positive sentiment
BJI Over 35.53 if good volume,positive sentiment
CEE Over 35.12,positive sentiment
SQNM Over 5.05,positive sentiment
NX On flag break,positive sentiment
3D Systems Brings Next-Gen Consumer 3D Printing to CES 2013 DDD,positive sentiment
AAP will top out in April when Aston Kutcher stars in 'jOBS'. Kinda like how Facebook did when 'Social Network' came out. FB,negative sentiment
"VNG w/ MACD turning up & above its signal line, VNG could post a nice rally from current levels",positive sentiment
PI 3Q 10Q operational cash flow for 9mos -20million. 269%decline vs. 9mos year ago.,negative sentiment
bbby 3Q 10Q Operational Cash Flow 135 million. 53 increase vs. year ago Q3. 64% improvement q o q,positive sentiment
DI 6mos operational cash flow 267 million. increases 187 million vs.6mos year ago. 233% increase,positive sentiment
AM 3Q 10Q 9mos operational cash flow 32 million vs. neg 26 mil 9mos year ago.,positive sentiment
am 3Q operational cash flow neg 16 million. vs. year ago 3Q of negative 68million. 52 million improvement,positive sentiment
"A quiet Carl Icahn = Bullish. NFX shorts should be paranoid on every close as they will get acquired. Think aapl, msft, amzn, fb",positive sentiment
I am an aapl bull but cannot break this trend line in OBV,negative sentiment
user Phantom7 I've been calling +4 ever since the start of this thing. 3.75 should be a given~ KCG,positive sentiment
NX on watch list above small flag on volume of 26% of ave full day so good volume,positive sentiment
GOOG poised to clear this next resistance (buy / add area) watch action / volume closely here,positive sentiment
GDP on watch list slightly over line and 50-day EMA light volume of 5% ave full day,positive sentiment
"Took some profits off DDD, will add if breaks 60 on volume.",positive sentiment
CHK - what I'm looking at - small risk position calls only. Scalp - maybe a swing XE watch.,positive sentiment
"ONTY If the holders would just hold out or raise their ask here, this could really pop. Going to climb slowly regardless...",positive sentiment
EOG PXD OAS #energyswag,positive sentiment
AAP moving down with volume. Couldnt cope with the descending trend line. Trend is still down. Perhaps 460 is not impossible after all.,negative sentiment
AAP 50EMA continue to work as AAP is making lower highs in the MACO sense,negative sentiment
"Went short SPY yesterday, should have picked AAP instead. Still think market needs to move down a bit then resume move to the upside.",negative sentiment
AAP people be realistic. Market undecided what to do with apple. Earnings will lift that cloud. If GOOD we might EAY see a reversal.,negative sentiment
Will watch the close carefully then decide whether to ONG or SHOT AAP. Below 530 SHOT!!!,negative sentiment
"JCP Keep an eye on this triangle. big short int, 34%. reports Feb 27. cup & handle. at DT. ong",positive sentiment
sold a little goog ...first time in a while,positive sentiment
Nice cup with handle breakout on MCA,positive sentiment
FAF new highs.,positive sentiment
SPY giving AAP the finger. We don't care about you anymore lol,negative sentiment
The Smith&Corona doing ok. AMZN,positive sentiment
"VA - ong 43.07. Trailing Stop 58.98 from 11 Stops of 54.53, 52.45, 48.05, 47.32, 46.71, ... 41.32 & 39.57 -",positive sentiment
AMZN alert update: a last minute push tried to shake out puts. we're hanging on for now.,negative sentiment
AAP volume higher today than monday. Keep that in mind.,positive sentiment
"HB.A - ong 73.67. Trailing Stop 71.92 from 3 prior Stops of 70.86, 68.64 and 62.41 -",positive sentiment
"The key is not to panic here. AAP is in the domain of twitchy day traders on robots now, but long term should hold up on fundamentals",positive sentiment
NVDA 4 hour - love to see the vol explode.,positive sentiment
VNG - Take a hard look at GOOG FTC settlement over patents. FTC making GOOG play nice with VNG? Makes Sense,positive sentiment
some worried I had gone OCO with my 737.71 up call for GOOG ! now at door step of nearly 40 move,positive sentiment
VNG its crazy that anyone listens and trades off this tool.,positive sentiment
GOOG is getting fueled by AAP's reversal.,positive sentiment
user why make a BBY offer now when he can shave 4 more off offer price? Bid went from 24-26 to just 20 in a matter of months.,negative sentiment
NVDA - to answer your question entry (add) was the red candle at 10:50AM today. ove flags,positive sentiment
"AAP 950 lot bid in the Feb 580 call at 9.50, might push the stock up or create support. 26 delta option",positive sentiment
"WPI - was on our short candidate list 12/31 and we missed it, got started short today",negative sentiment
MYE breaking out,positive sentiment
Short HT under the 200 SMA stop just over the high of the day. First target 53.95. Second target 53.21 gap fill.,negative sentiment
QCOM introduces StreamBoost: average home connects up to seven devices to the Internet,positive sentiment
NVDA love to see momo this next week like previous histogram bars noted.,negative sentiment
HMA unusual option activity. Trader buys 11k of the Jan 9 Put. Short term bear play,negative sentiment
"ADBE option trader buys 5,300 of the Feb 39C against OI of 741. Bet is on stock above 39 by Feb 16th",positive sentiment
"NVDA ooks bullish but it must stay above 13.05 on a closing basis (monthly), EPS say no?",negative sentiment
SQNM from watch list over line on volume of 86% of ave full day,positive sentiment
HOTT Failed breakout?,negative sentiment
ZN_F ticking up.. I'd be a seller of SDJPY here (*if I weren't already)...,negative sentiment
"INO Wow, nice accumulation today, heavy...",positive sentiment
ZNGA Fat juicy Short back to lower levels as it closes Gap 2.72?,negative sentiment
GDOT nice bounce from its 50SMA. ooks ready to test the recent highs,positive sentiment
HMA ooking for 10's; headed higher!,positive sentiment
"SPF ooking for 9's, headed higher with lower rates.",positive sentiment
"GS JPM XF HOD, they are hungry for stocks out there... SPY",positive sentiment
CHK weekly bullish engulfing,positive sentiment
GS looks good heading into next week.,positive sentiment
AAP all i know is ipad minis are out of stock everywhere. been going to 8 different stores and none of them have em in stock,positive sentiment
As goog explodes and aapl implodes MINTE 21 to 23 of user vid from a few years ago have Mark nailing the subject,positive sentiment
"KKD Krispy Kreme Doughnuts, Inc. at IC XChange Conference (ive) 01/17/13 at 9:15 a.m. ET",positive sentiment
Picked up FS on pullback due to downgrade. Held support to close week. First PT 37.30,positive sentiment
"user: I've been picking this one for a while, but I'm calling KKD as the next food company to make a DPZ like run in TWENTY13.",positive sentiment
"ZNGA Still shows red and dead on a enko view, PF Box size 0.25",negative sentiment
"GS enko view of GS, PF Box size = 5 showing potential to break to 175",positive sentiment
"NVDA enko view showing red and dead, need 14 or more for a long & less than 13 for a short",negative sentiment
"CSX enko view, PF Box size = 1, VEY bullish above 21, coal stocks confirming move on rails.",positive sentiment
GOOG And on enko w/ a PF Box size of 50 it looks like a failed breakout,negative sentiment
user At 155 for GS but very bullish on fins as rates are low = The FED Put!,positive sentiment
user ZNGA I use lagging indicators on lagging stocks ;),negative sentiment
"GOOG, I like it with a close above 744.96",positive sentiment
FS b/o above bull flag on heavy vol. etest of support today on light vol. 41% short float,positive sentiment
MSFT gap close. Continues base. SI rising. Nice : pickup w/ stop below major support & 28.22 PT.,positive sentiment
Financials continue ripping. Easy money. C approaching 43 PT,positive sentiment
VS follow throughs. 10 DMA crossing above 200 DMA. Trading above all MA's. Great setup,positive sentiment
"user BAC Yeah ... they made the easy profits by slashing jobs, now they have to close win-win sales.",negative sentiment
New buys today from watch list all did well NX 20% SONS YEP BCEI GDP AY and SQNM Total triggers this week 39 - a big week,positive sentiment
"SBX #SI #EarthThis is the kind of stuff that makes us perk up (so sorry!).but, go on...bullish five waves to 58.",positive sentiment
"Can you say no brainier? ong SBAC stock, 60/80 Feb collar for protection...",positive sentiment
Anyone can say how much svu would go even if the deal goes through? 4? 5? Not sure if much upside left.,positive sentiment
NVDA the bounce continues and the stock has now cleared its 200SMA and the 13 level. ong,positive sentiment
AXTI Momentum picking up w/ MACD climbing/SI rising.OBV indicator made a new higher high this week,positive sentiment
GDOT OBV is moving upwards which means that big money is moving into the stock slowly. ong,positive sentiment
aapl daily (see notes),positive sentiment
AMZN daily (see notes),positive sentiment
C daily (see notes),positive sentiment
"EGOV long 16.62 strong above all MA's, resting/basing, room to upper bolly to absorb 10/20 day atr",positive sentiment
AA Fibs  Friends,positive sentiment
TSA: Judge Dismisses Massachusetts State Automobile Dealers Association awsuit -,positive sentiment
BAC up trending doesn't appear to slow down as of yet. It's prudent to take some profit at time.,positive sentiment
"FE - looks like it fired a sell signal Friday, may trade this short on tick below Friday low - have to do more work on utilities later...",negative sentiment
coh also got rejected by cloud but still in slight uptrend for past few. buy when it enters cloud,positive sentiment
yum looks good here out of cloud with stops of either 200 sma or cloud under it. target of 50 sma,positive sentiment
EQIX EXPE FB GS HOG MON PII QCOM QIH SODA Some ideas for next week. Favorite setup is EQIX,positive sentiment
"EQIX No position, would like to see a breakout over 216.50. Prefer more consolidation though",positive sentiment
Time for a contraction in AAP.down to test 500 this week by Weds.long Jan11th 510/500 put spread,negative sentiment
AAP Bounce Coming?,positive sentiment
FS en fuego!!,positive sentiment
AXA Over-Sold in Oscillating ange....indicators suggest buy price holds above prev close + increase in volume.,positive sentiment
A few I'm not holding but will check out. user: Bullish MACD cross: BBG COP ENI EOG JEC IG SFY XE XOP,positive sentiment
"JDS beautiful trend, 13.5 should bring out the dip buyers",positive sentiment
ko has trouble staying above 200 day sma past few weeks. could short here or higher stops above 38,negative sentiment
mako a red day monday breaks support and could test old lows of 9-9.25,negative sentiment
After-hour Most Advanced: OPT MAKO FOD GNMK JDS EGE AMN PX AAY DDD SV PM BKS F,positive sentiment
GOOG with simple Fibonacci projections on close over 739. 127.2% at 766 and 161.8% at 802,positive sentiment
Why I am buying AAP on Monday -,positive sentiment
user: AMZN over 263 has a Measured Move to 307,positive sentiment
user The INO pipeline and the partnerships with the ni's and MK--that pretty much sums it up...,positive sentiment
"AMZN the data company, not the retailer. A new post by me.",positive sentiment
Trading environment favors long side. Don't over stay welcome. Too few quality leaders. GS AMH OCN EGN HOV AAP,negative sentiment
AAP what an amazing run it has been since 2005. I don't think it's over.,positive sentiment
A Tale of Two Stocks AAP GOOG SPY QQQ,positive sentiment
F Ford's Powerful Bullish Pattern Dictates Price Direction,positive sentiment
DT - Descending triangle. ower highs. Didn't participate well in the rally & it's overbought.,negative sentiment
CVA Over 19.00,positive sentiment
MCK Over 100.05 -,positive sentiment
VMED you know we prefer 3-4 day pullback to reverse so maybe Mon or Tuesday on flag break or at sup,positive sentiment
"Just kidding, more legible version. Currently long FS (tweeted on friday)",positive sentiment
Ford will perform well due to Hurricane Sandy's destruction. F Palladium will do well PA Banks are a buy picks are BAC C SAN GS,positive sentiment
GS is a buy on pullback to 133 or on bigger pullback to 130.,positive sentiment
CEG keep it on you watch list.,positive sentiment
I wish TV would die already like all the Newspapers told me CBS ftw!,positive sentiment
I think AAP is heading back down to check in on 506 support again,negative sentiment
AMZN but but but.....yap yap yap,positive sentiment
SNDK pattern looking more interesting. Can it successfully break into the gap this time around?,positive sentiment
"#AMZN at all-time highs pre-market , aapl still plunging. should be an interesting trading day!",positive sentiment
See risk to ES_F 1442.00-1423.75 as bearish momentum divergences resolve SPX SPY #stocks.,negative sentiment
user: ONXX strong price & vol expansion friday. possibly looking for higher prices > another biotech with 2 levels,positive sentiment
ZNGA Momentum building to the upside.? On watch.,positive sentiment
ES from watch list also fast move today volume of 77% ave full day as usually tiny volume,positive sentiment
TWI like this long 24% short...,positive sentiment
"Green Weekly Triangle on HEO,....pdating",negative sentiment
EOG - 60 min pullback to breakout - watching 1/2 position,positive sentiment
KCG to 3.75?,positive sentiment
ZCS almost hit my stop loss...glad to see it heading back up,positive sentiment
AAP closed my short for some nice gains.,negative sentiment
"V beautiful uptrend since June '12. Never once broke higher high, higher low trend",positive sentiment
The most awesome AAP trendline ever. Since 1986!!,negative sentiment
"DDD - ong 27.95. Trailing Stop 42.35 from 7 prior Stops of 41.70, 39.03, 36.53, 32.35, 27.95, 25.44 and 22.93 -",positive sentiment
NX was largest watch list gainer new buy on Friday and biggest mover today so protect gains,positive sentiment
"Green Weekly Triangle on KTOS,....pdating",negative sentiment
ak corrected me - PPHM largest watch list gainer today - though it gapped up big on open,positive sentiment
AAP positive close above 530 today is bullish. I'll be looking for possible ONG set up.,positive sentiment
CEG possible ONG today if you want to play the JPMOGAN BIOtech conference.,positive sentiment
"FME: ong 10.25. Trailing Stop 13.75 from 8 prior Stops of 12.29, 11.50, 10.97, 10.63, 10.36, ... 9.64 & 9.03 -",positive sentiment
I showed this MA on Friday with the upside orange dot traget at 517+ hit that this morn now red dot,negative sentiment
TO triggered above 34. First target 34.55-.90,positive sentiment
SXC - breaking above key downward channel level. ikely to move much higher from here.,positive sentiment
"must follow the young man user: AMZN the data company, not the retailer. A new post by me.",positive sentiment
PG short back on,negative sentiment
OVTI downgrade on Sept 7th 16.77 after Q1 looking good. next filing Q3 end of feb.,negative sentiment
VS option trader sells 26k of the 47.25 - 52.25 call spreads in March. Big bet that stock will be below 47.25 by March expiry,negative sentiment
"AA option traders bet on bad earnings selling 6,200 Jan 9C and buying 3,200 Jan 9P. Could be hedge on stock. Both trades against low OI",negative sentiment
SKX Q3 operational cash flow negative 60million. 80million decline vs.Q3 2011,negative sentiment
SKX 9 mos. 2012 operational cash flow negative 20 million. 95 million decline vs. 9mos 2011,negative sentiment
"ed Weekly Triangle on SNSS,.....pdating",positive sentiment
BAC avrg 12.127,positive sentiment
First trade coming back from vacation. HOT short at 59.80. Stop at 60.30,negative sentiment
"Green Weekly Triangle on SCC,....pdating",negative sentiment
PODD breaking out to new 52wk highs from a decent base,positive sentiment
3 horsemen of high beta momo chase FS GMC NFX being slammed a bit here : advanced tell that the new year party is over for the mrkt ?,negative sentiment
PNA looks like a solid set up,positive sentiment
Names to buy on pullbacks GS CEG FB F,positive sentiment
BA for a flush down,negative sentiment
"Amazon Breaks 1,600 (adjusting for the splits) via user AMZN",positive sentiment
"Financials XF have been driving this mkt higher, today they are weak-ish (except for JPM) for 1st time in while, little red flag 1...",negative sentiment
on our ive Broadcast we got this long signal on PCN and covered discount buy-in ! needs push,positive sentiment
"AMZN VOME is a go, big boys grabbing some stocks. Higher prices to come.",positive sentiment
TWI at highs not seen since September,positive sentiment
"user won gold in our 2011 stock contest w V, won silver in 2012 w TKC. Will his DDAIF call win in 2013?",positive sentiment
AMZN FB your pick for higher prices this week. Both breaking out with considerable volume.,positive sentiment
Eceryone wants a piece of PCN gorwth and magic...stakes are so high...innovation so fast and marketing stakes high,positive sentiment
"user scheplick It's easy to short AMZN - buy an iPad Mini, a tax prep book at Borders and some ackspace time.;-)",negative sentiment
Might open a position on S today. Cup and handle can make this one fly to 7-7.5 quickly.,positive sentiment
"CS, KOS positive.... nice reversal in KOS",positive sentiment
AXP trying to make a move too. Getting interesting.,positive sentiment
MA a strong follow thru day after breaking out to new highs last Friday - confirmation is solid,positive sentiment
"V new highs, looking for higher prices from here",positive sentiment
CEG a strong breakout to new highs today on 2x the daily avg. volume. ooks good for more upside,positive sentiment
WETF cheap financial stock that is trying to b/o. Would like to see a pullback/consolidation first,positive sentiment
"NFX shorts should be paranoid on every close as a buyout will come 1 night from aapl, msft, goog, amzn, etc. dominate webtv long nflx",positive sentiment
"As in the last 3 sessions, last hour buyers are back, more money need to be put to work... money flows... SPY TT ES_F",positive sentiment
"user The stock isn't telling us anything new, but the trend is saying a lot. This E is AAP's most anticipated in years.",positive sentiment
All of the above: rax setting up again spy,positive sentiment
PCN - long entry,positive sentiment
"Green Weekly Triangle on AMPE,....Sell Short at 4.15",negative sentiment
"Green Weekly & Monthly Triangle on FWS,....pdating to Monthly",negative sentiment
"user are you saying ZAGG will up another 23%, how?",negative sentiment
"Green Weekly & Monthly Triangle on PAB,....pdating",negative sentiment
744.96 IS A great level for a close on GOOG,positive sentiment
"AAP short-term outlook. 3 possible scenarios, 2 of them are bullish",positive sentiment
Barclays upside case for CSOD is a year end price target of 46. Based on 8x cy'14 revenues and 10% upside to estimates. Quite achievable!,positive sentiment
CTXS (conservative swing) once again bouncing nicely off support (w/volume) MCP (aggressive swing) however strong probability.,positive sentiment
user: AMZN it's time for this bird to fly south!,negative sentiment
"VVS Technicals are positive for a continued climb. SI, OBV and MACD all look good to me",positive sentiment
"AKX b/out 13.78, like the base action under spot & declining vol, ripe for pop",positive sentiment
"HAO b/out 7.20, price was rejected at 7.19 today, also high on 12/21",positive sentiment
"HWAY b/out 11.08, nice base under the spot",positive sentiment
yum down premarket through the cloud but has support at about 62.75,negative sentiment
"Multi-day downswing in ES_F favored, see demand zone at 1442.00-1423.75 SPX SPY #stocks.",negative sentiment
"MON - not making sales here - we will be buyers of weakness, looks like game on for a while...",positive sentiment
FIN 9mos Operational cash flow declines 15million vs. prior yr first 9mos. 198% decline,negative sentiment
AYI Q1 Operational Cash Flow turns Negative,negative sentiment
AYI 1st negative operational cash flow quarter since quarter Novemebr 2008,negative sentiment
AYI 2013 Q1 operational Cash flow negative 14.5 million. decline of 41 million vs. Q1 2012. 152% decline,negative sentiment
my 526.20 bid not hit in aapl so i am expecting at least a move to 540 today :),positive sentiment
"MON 2013 Q1 operational cash flow 1.569 billion, a 459 million increase vs 2012 Q1. 41% increase",positive sentiment
fio nothing but air under stock until 17.70-17.80,negative sentiment
"AAP daily fade in motion again, people that want to be out are still at work...",negative sentiment
I shorted NFX here with a 1.00 stop.,negative sentiment
CTIC got long,positive sentiment
Catch up user: Hot inks is totally off the hook this morning - so many great reads AAP MACO,positive sentiment
IHS year end operational cash flow declined 27 million vs. 2011. an 8.19% decline,negative sentiment
Watch XF JPM BAC OD closely...,negative sentiment
unit cost at 1.60 this see a bounce CTIC,positive sentiment
with little whips on pops and drops don't go all in on one purchase avg in through out the day limit exposure and % of portfolio CTIC,positive sentiment
"SHD Get short, someone big must be exiting imo... Sitting on some 40 puts from this am!",negative sentiment
MON - added,positive sentiment
"If you'd like to gag on the New American Socialism, enjoy this video courtesy AIG:",negative sentiment
JNP - added,positive sentiment
X - added,positive sentiment
"user Mr. Florida, hope all is well. You've trade SAVE in the past, so Im asking you. Do you like it here? ooking to fill gap?",positive sentiment
SHD ... why won't you die already? ampert doesn't know 2 sh*ts about running a retail. He bought Sears for the property...,negative sentiment
"WN: ong 19.79. Trailing Stop 24.39 from 6 prior Stops of 23.76, 20.42, 19.79, 18.09, 17.13 and 16.39 -",positive sentiment
"DECK: Short 66.41. Trailing Stop 44.16 down from 5 prior Stops of 51.65, 59.07, 66.41, 74.13 & 81.85 -",negative sentiment
WFM - short back on,negative sentiment
"nice base building here 1.50 -1.54 on CTIC should test hod's in the afternoon, setting up nicely for follow thru tomorrow. #tradeoftheweek",positive sentiment
up to 16 million shares on CTIC almost 10x avg daily vol. I don't think this is a one day story. Gap up to 2.05 plenty of rm to run imho,positive sentiment
SHD Eddie ampert is a 1 trick pony...,negative sentiment
"et the angry, anecdotal comments begin: Why I still think BlackBerry & IM are doomed. IMM AAP GOOG NOK T VZ",negative sentiment
user I think AAP putting in a long term bottom.....of course I could be wrong but that is what it looks like :-),positive sentiment
i had a price alert go off for WWW while off the desk.,negative sentiment
GG to be delisted soon typicall pump and dump same story over the last few months be careful one day trades over a mil next day ur stuck,negative sentiment
TSO option trader buys 10k of the Feb 40P for 1.60. A 1.6 million bet stock will be below 40 by Feb exp. Could be hedge too. OI is 544,negative sentiment
DDD SSY Stops honored. So be it. Now.... must.not.become.bearshitter.,negative sentiment
CYBX keeps consolidating near all-time highs,positive sentiment
DDD The sentiment on this stock can change in a blink of an eye. Not for the faint of heart. Still long term bullish.,positive sentiment
MCP bottom at 11.00? Strong esistance. nder these level...short breakout Chance.,negative sentiment
AIG wins the awsuit then announces dividend reinstatement. :),positive sentiment
TIVO is a buyout coming? Sure seems strong of late?,positive sentiment
biggest mistake i made all day was not sticking to my gut on reversal in #SOAS #2 not sticking to my watchlist DK STP ANA KOG,positive sentiment
DDD looks an easy short,negative sentiment
My instincts are spot on in 2013 and still think CTIC will hit 2.05 this wk but still want to stick to my morning watchlist & not chase,positive sentiment
AX looks good for higher prices,positive sentiment
CM holding up well,positive sentiment
"ANA with the conference tomorrow, I guess we will hit 10.05 after all...",positive sentiment
"NFX - hearing PJCO out cautious following comScore data: Following Weak December, Overall 4Q Traffic Again Turns Negative user",negative sentiment
"se pullback 2 initiate quick trades, not invest, long. Keep stops tight & sell up. AAP EGN OCN AMH DDD NSM",positive sentiment
"Piper Jaffray making negative comments on NFX and CST ed Box : comScore Q4 data weak for edbox, Netflix",negative sentiment
Maybe a good time to buy TD the 44 level appears to be holding as a key support level,positive sentiment
"CSN option trader buys 1,500 of the Jan 11-16 call spread against low OI indicating entering a position for .50. Bet on data bef. Jan 19",positive sentiment
AA there goes the kids college fund!,positive sentiment
X option trader takes profits in Feb26P selling 8k against 8k OI and rolling position to Feb 25P buying 8K at 1.48,negative sentiment
"Green Monthly Triangle on ACAD,....Net Profit 7,177.00 (11.49%)",positive sentiment
So far so good regarding our APO #earnings strategy. Far too soon to call it a win though.,positive sentiment
AA this is why I went all in..,positive sentiment
"Does AA hold the key for the SPX? When AA is up on earnings, SPX up +1.90% a mo. later.",positive sentiment
"My call for the week AA, WFC, APO, MON",positive sentiment
AA i don't like the SPIN on operational cash flow,negative sentiment
APO Q1 2013 operational cash flow 210 million. a 90million decline vs. 2012 Q1. 30% decline,negative sentiment
"ed Weekly Triangle on AMS,....Net Profit 26,135.00 (38.40%)",negative sentiment
CM AVG THO AMWD coiling for breakouts to new highs. Set buy stops slightly above the most recent highs.,positive sentiment
"user jemberlin that is my number too, will be a good swing, but personally I hate AMD,",negative sentiment
SPY SPX ES Green Hedges Stars model: next stop 1410.56 SPX 1387.92 if lower.,negative sentiment
SWHC looks like ban on large capacity magazines and more hurdles to purchase are on the table for the politicians. Was on the Evening News,positive sentiment
aa Q4 Operational CF declined 209m vs. Q4'11. 18% DECINE. P Spin says it was higher than Q3 2012. note Q3 '12 was 263m less than Q3'11,negative sentiment
HT closed > 200 sma (barely) for 3rd time since Oct- eps out of the way- watch for volume > 55,positive sentiment
user PWE and the crazy HAO is in Green Weekly Triangle are you in short or long,negative sentiment
WT had a huge 39 seller today... check out the daily... hold over 40-42 loooks good for a swing,positive sentiment
AJ Over 18.00 on good volume,positive sentiment
CYBX broke out to all time highs accompained by a strong volume suggesting higher levels.,positive sentiment
ONTY looks poised for bounce from bottom. SI starting to turn up & MACD is crossing up its signal,positive sentiment
Still trading within an uptrend channel. Short-term uptrend still intact. I'm still bullish on NVDA,positive sentiment
VVS Vivus CEO eportedly Says Acquisition is 'Inevitable' talking to Deal eporter at the J.P. Morgan,positive sentiment
user: C  what is a runner,positive sentiment
"V is now one of my longest growth stock holdings, ever (19 months and counting)...",positive sentiment
fio bouncing some this morning (25% short interest) Still nothing but air till 17.90s,negative sentiment
tol doji yesterday could mean another lower high. Wait for close into cloud before going short,negative sentiment
"AMWD setting up very nicely above 29.33. In the very strong building and construction product group, along with APOG.",positive sentiment
"TAB I like this one, down for no real reason, new contracts picking up slack, 2013 is about 'small cell' tech, & Software-As-A-Service!!!",positive sentiment
FS - buy signal just triggered for us,positive sentiment
ANF on the radar for a move above 48.70-49,positive sentiment
DGI FTD. Pivot range 26.98 to 28.33.,positive sentiment
HPQ Option traders buy 10k Aug 13P at .78. 780k bet stock will be below 13 by Aug expiration. Could be a stock hedge,negative sentiment
"FAF new highs, still holding. Needs volume here.",positive sentiment
NS Perfect day for a reversal candle on the dailies.,negative sentiment
VOC actually triggerd yesterday but closed back at line - today itstrying again - vol 16%,positive sentiment
added APP,positive sentiment
"WFM - added small 89, prefer the 90-91 level to lay short out",negative sentiment
MAS from watch list broke out of flag today- now also at top line on volume of 11% of full day ave,positive sentiment
CMG - 5m descending triangle. 9% avg volume.,negative sentiment
user: DDD broke out from the bear flag to the upside.... ots of shorts who do not understand momentum being caught STDY,positive sentiment
DGI still moving,positive sentiment
SSYS maybe too few shares outstanding to short.. but ....11 million in operational cash flow ttm and trading at 1.9 bil mkt cap,negative sentiment
SSYS operational cash flow declined 42% ttm vs. ttm,negative sentiment
"Covering 1/2 WAC short 47.15, looking lower but got to book some...",negative sentiment
"VTX option trader buys 3,700 put spreads in April 48 and 42 strikes. Could be big bet on down move or stock hedge",negative sentiment
FS 4 hour - nice bounce ichard.,positive sentiment
"GNC - nice inverse head and shoulders, as well as a nice pullback to support from the previous box-breakout",positive sentiment
"user I hate to be under 3, as average I end screw up, no good for me NN",negative sentiment
DA nice run from entry; moving stop up to breakeven,positive sentiment
"ed Weekly Triangle on CTIC,....Net Profit 675.00 (3.88%),...gly waiting more than 3 months",negative sentiment
CW Clearwire Corp arge trades in puts show bearish interest despite DISH bid,negative sentiment
APO Strong push off support (w/volume),positive sentiment
from watch list HAO slipped over line when I was not watching - volume is 76% of full day ave,positive sentiment
"The most bearish thing I have seen in a week, not good for the overall market at all JPM SPY ES_F",negative sentiment
"user in a bullish you sell always, no buy; in a bearish market you buy no sell NX",negative sentiment
VOC from watch list added Tuesday has now run over the 50-day EMA vol increased to 86%,positive sentiment
ANA getting the breakout yest and holding up today. Presenting at JPM conf today at 6:30est,positive sentiment
"trade idea buy ESC 25.95, target 35.50, cut below 21.40",positive sentiment
"SWKS decision coming there soon...expecting a break...up...looking at SI, MACD & TIX",positive sentiment
Just a small dose of reality on CTIC :,negative sentiment
"VS option trader closes out Feb 50C selling 12k against 22k OI. Opens position in Feb 55C selling 23k on hard bid vs. OI of 2,700",negative sentiment
Six years ago apple introduced the iPhone to the world. Do you remember where you were? aapl #sixyearsold,positive sentiment
EW Went long on EW at 93.15. ooks like it is ready to make a move to 98 w/breakout of consolidation,positive sentiment
EBAY basing,positive sentiment
Short YHOO,negative sentiment
CHK thanks JPM upgraded,positive sentiment
dec 6 BB&T CM initiated SSYS with a buy 68. wonder if they still have it a buy up 28% in 30 days?,negative sentiment
user: SSYS EACHED SI 80% Crash is near,negative sentiment
SSQ pulling back as suspected. uckily sold near 11.20 res (tweeted). Watching 10.80 to get bck in,positive sentiment
"user The day of the MA IPO I tripled my position at 42 (IPO priced at 39) never touched it since, probably my best stock move ever...",positive sentiment
AAP P&F is bullish again...,positive sentiment
"AAP IF support broken then I won't hesitate to sell as lots of downside. For now, : favors longs",positive sentiment
user: eaders EAD. BAC >On which side is the Question... Even AAP is Broken since few Week. Medium Outlook does not look Bright.,negative sentiment
"Green Weekly Triangle on DEPO,....Scaling at 6.40",negative sentiment
"Intel a tobacco stock?...interesting read and analogy...up to Intel I guess, but the dividend is tasty intc",positive sentiment
"Green Weekly Triangle on FNFG,....Scaling at 8.22",negative sentiment
"FAF - ong 16.92. Trailing Stop 22.31 from 8 prior Stops of 22.04, 16.92, 16.40 ... 15.17 and 15.10 -",positive sentiment
"SWY - inside day - held 50 sma, rsi holding above 40 , looks like counter-trend move",positive sentiment
"Despite weakness in AAP, SPY didn't fill 2day's gap - reversed a mere 0.13 away. Every stock out there outperforming AAP these days",positive sentiment
IPX Over 22.15,positive sentiment
MY  Over 28.25 or 28.50,positive sentiment
XXIA Over 18.00,positive sentiment
user SHOT YHOO TO 0!!!!!,negative sentiment
"WPI - buying looks counter-trend, possible bear wedge, wont be happy if it closes 2-3 days above 50sma, will have to re-evaluate if it does",negative sentiment
MON - and monthly - game on...,positive sentiment
"HA EPS estimates being slashed as squeezed stock crash lands, looking for low 5's",negative sentiment
"TSO Was long now crack spreads say low 30's = Short, VO good short too!",negative sentiment
"AAP No pain and no gain, will stay above 500 (mostly) but not higher than 580 and go as low as 470",negative sentiment
GEOY Should be trading at: 41.09 as each share worth 1.425 shares of DGI (28.84) x 1.425 = 41.09:,positive sentiment
China is FIX ing itself STDY,positive sentiment
CHK Good Info user: user S&P over 1470 and this thing rips IMO,positive sentiment
"with a name like SkyPeople Fruit Juice, SP is going to be the next AAP. just wait and see.",positive sentiment
"WH consolidating at the highs, with gap support immediately under the price. - from",positive sentiment
MT BEAV --- all setting up for possible higher prices,positive sentiment
MGM Caught in a ange user,negative sentiment
New post - I could have Peter ynch'd this stock MD,positive sentiment
FSC goes ex-dividend tomorrow paying monthly 0.0958 per share with next payment on Jan. 31st with 10.60% yield,positive sentiment
user 3DTradingtrader I do have 3.1Mio to expend and race up any offer for DEPO,negative sentiment
VOXX a user stock. Kudos to you my friend!,positive sentiment
"MCP Performing as expected, so many red flag raised on that one over last few months, so many here could say I told you so...",negative sentiment
"SWY - *WSJ: Cerberus, Supervalu Strike Deal - Sources - may put a bid under SWY",positive sentiment
"SE SHOT CECO, SM, ACI, DMND, NS, GCY, BBG, EF, TM, EOC, XCO, VCCF, PQ, AXAS, PST, P, KCG, MNTA, NAV, PAC",negative sentiment
HPQ in the 16.50 calls for .04!,positive sentiment
AAP daily pop then vomit in motion...,negative sentiment
"MCP don't catch that knife, if you think it will survive define risk buy some January 2015 EAP option and forget about it till then...",negative sentiment
"PX - ong 9.01. Moved the Trailing Stop to 13.30 from 3 Stops of 9.01, 7.78 & 6.55 -",positive sentiment
AAP ... I don't see any more than 1 up 3min candle in a row so far this am.,negative sentiment
"AAP about to go red, amazing how many times that pattern can repeat over and over...",negative sentiment
user u didn't miss it if it is still going lower :) MCP,negative sentiment
GDOT making a new higher high. MACD bullish cross + OBV trending upwards.Time to fill this gap.,positive sentiment
Back to a full size position in ZNGA here,positive sentiment
FCE triggered Tues gapped Wed so today IMO do not have to think - you just take profits,positive sentiment
"Goodbye FAF, acting weak, I've never liked you anyway - NEXT",negative sentiment
not likin MSFT neg dvrgnce+hammer today goin into quadruple bottom. Still have some longs w/ stop,negative sentiment
WFC If they miss I will add,positive sentiment
BAC wait for it to setup again. ooks like it will retest 10.66 for sure.,negative sentiment
"MCP you had a lot of red flags, but when the CEO was abruptly fired without a permanent replacement this should have got your attention...",negative sentiment
AAP gonna bounce hard off 516,positive sentiment
GS is looking super strong.,positive sentiment
wait to you see what they do w/schools in 2013 user: The JMBA airport locations are generally packed. Good news user,positive sentiment
GS wants higher,positive sentiment
"AAP watch CS, it's a tell for AAP imo!",positive sentiment
BK - added to long,positive sentiment
user: long a few NFX 100 calls at .27 expire tomorrow out at .40 +48% no need to be greedy with them expiring tomorrow,positive sentiment
JNP - added to long,positive sentiment
CEE 5 min retest,positive sentiment
AAP - trimmed 1/2 of our short exposure 516 level,negative sentiment
AAP lower highs and lower lows intraday...where is big near term support?,negative sentiment
The cult of Apple is dying - AAP,negative sentiment
ZION...looks to be basing under breakout...could touch bottom of triangle though,positive sentiment
HPQ ocket since Noon!,positive sentiment
HPQ ook at that Volume too! Very Nice! 16.50 Calls Do it!,positive sentiment
"X - took long exposure down 25.95 - 26 area - still very bullish on T look, stock has a rip - n - dip rhythm, want dry powder 2 trade",positive sentiment
"user sweet money, I need another 1.8% to scaling in Sell Short again CSN",negative sentiment
HPQ Man these call options are so Cheap!,positive sentiment
user: user SHOT YHOO TO 0!!!!! ONE DOWN 19 TO GO lololol,negative sentiment
"user I lost 15% of my holdings when it first opened, but have recouped it all through AAP and now FB. Buying more of both",positive sentiment
TE - new short on board for utility sector,negative sentiment
"user Tr8r_x nice face, check the next HBAN Green Weekly Triangle (Sell Short)",negative sentiment
"Green Weekly Triangle on HBAN,....Sell Short at 6.69",negative sentiment
"user yea, but CSN in just one in my whole portfolio, when you scale, you always can fix the cost and ending with profits",negative sentiment
BAC Out 11.78 waiting for a pullback.. if we have one today.. ;-),positive sentiment
AAP moving above 525 pivot today is bullish for tomorrow.,positive sentiment
AAP getting my attention. Showing some strength. Might actually jump in.,positive sentiment
ES SPY SPX can we hold this breakout on the ES futures?,negative sentiment
AAP Someone catch a leak of some news at 2:30 or what???,positive sentiment
WFM - not getting much lift from the rally - looking like a possible bear flag - adding to short,negative sentiment
"ed Weekly Triangle on HEK,...Net Profit 4,539.00 (10.84%)",negative sentiment
V interesting reversal today,negative sentiment
"BAC 100% Cash -->I will never listen to the sirens say Keep r Trade Overnight, it will Gapp Never... I Promise ;-)",positive sentiment
HPQ is 17.50 too much to ask for tomorrow??? :),positive sentiment
SDJPY No breakout on the close. isk rally with equity traders in front of their skis into earnings. ES SPY SPX,negative sentiment
Market underperform day thanks to my DDD + SSYS positions. Staying long 3D printing. AAP kept me green. More upside to come.,positive sentiment
"Green Weekly Triangle on HEK,...Sell Short at 3.96",negative sentiment
"FS - Solar Market to ise 22 Percent in 2013, Deutsche Bank Predicts",positive sentiment
nice! - user: Huge volume in MS breakout today.,positive sentiment
The price action is saying that AAP is not going to die after earnings. It had multiple chances to break 500 but didn't.,positive sentiment
BN BISH!!! to announce a 15% increase in Holiday sales,positive sentiment
CS nice move above the 50 and 200 DMA. Nice base structure on a daily/weekly pattern.,positive sentiment
"OCZ -CES 2013, as Vegas, Nevada, January 8th through 11th (in progress)!",positive sentiment
user: T user: user: GAME ON!? #readyscoregoals. This company just gets it... #CanadianGrown,positive sentiment
don't tell everyone ... user: That's a nice looking diverse list of 52-week highs: JNJ MMM GS OC F WAG DE,positive sentiment
Alarm bells should ring for DDD investors. ed flags are highlighted in this detailed and well researched article,negative sentiment
AAP Marketing Chief Phil Schiller will not resort to a cheaper iPhone to expand its market share ETES,negative sentiment
"Squeeze squeeze slow grind higher continuing SPY 147.45 ES_F 1471 , WFC better deliver the goods tomorrow...",positive sentiment
HSA It always comes Back.....,positive sentiment
user HSA Good Day?,positive sentiment
YHOO Cramer kiss of death thanks bro. Can I get a BAC and JDS Cramer nudge? user kifmonster,negative sentiment
MGM held this long term resistance: user: MGM Caught in a ange user,negative sentiment
AON Continuation on good volume,positive sentiment
NFX Over 28.20 or 28.40,positive sentiment
ZC Over 4.75 on good volume,positive sentiment
ES SPX SPY star on 4hour,negative sentiment
A doji like candle close today on F may signify possible retracement between 100% and 61.8% Fib levels. Watching closely for more bull run.,positive sentiment
SWHC will continue to accumulate more mar 9 calls on any pull back below 8.10,positive sentiment
ISIS - with continued volume this can go much higher 13.22 to 14 is easy for this - it has some big green moves,positive sentiment
"user TSO Don't be fooled by one day moves esp. after a large drop, the trend and my stop says I'm still good.",negative sentiment
SM - Decent base. ook poised to break out.,positive sentiment
user: NFX -- I let my wkly 100 CAS go from VEY green to ed. Not good. But will hold them,positive sentiment
TSO user Attached shows Fib and old resistance stopping upward move. Will stay below both.,negative sentiment
CGI ove this trucking co. should be bought on any pullback!,positive sentiment
QCOM Best play on Samsung (Snapdragon) and anti AAP play. Best tech. play too.,positive sentiment
QCOM Another view w/ blue sky above,positive sentiment
Student Debt: A Trillion Dollar Bubble - SM NNI,negative sentiment
COF is approaching key resistance level at 62.92 a break of which could accelerate the stock price,positive sentiment
AON has been in an uptrend since July and Thursday's break suggests a continuation of the upmove,positive sentiment
GDOT W/ Bullish MACD cross along bullish SI action it should only be a matter of time to take off,positive sentiment
"BAC failed to break below, uptrend continues",positive sentiment
"user: With the Financials (XF) already +4.6% YTD, Wells Fargo WFC might have to deliver the moon today #expectations",positive sentiment
One small step to send cable TV back to the 80s. Quality content exclusive on NFX. Can't wait for the return of AD.,positive sentiment
ong setup SM,positive sentiment
user: DDD 3D Systems Wins CNET Best of CES Award for CubeX 3D Printer,positive sentiment
COMPQ SPX AAP FB BAC GD SV 5 Characteristics of a successful trader,positive sentiment
"NKD and SINA are two breakout stocks on watch list for today. Buy high, sell higher!",positive sentiment
msft if it takes out 26.29 it has a gap to fill from jan 2012 ~26,negative sentiment
MS Morgan Stanley Hits Our 1st Bull Signal Target (Called Dec 11),positive sentiment
JCP Cash-flow distress That doesn't sound very good... BS downgrade to sell,negative sentiment
Market Wrap Video + Additions to Watch ist including: AEG DI IPX NG MY ONTY QIH ST XXIA,positive sentiment
GOOG so far so good in premarket. If the averages help this could get above 745 today.,positive sentiment
HPQ where do you think that new Mutual Fund money is going???,positive sentiment
X adding a little,positive sentiment
DK moving out of his Darvas box - keep an eye on volume.,positive sentiment
GF Open new position at 35.52 - new uptrend starting,positive sentiment
BAC It is the effect of WFC... so it SHOD be over in half-hour... I'm moderately Bullish,negative sentiment
user: NG long setup,positive sentiment
"Trend in outsourcing...workforce...is extremely strong, especially in the medical industry... ASGN has a lot of room to grow. - Drogen",positive sentiment
AAP climb 525ish then took a small step backward - wedge forming. Breakout is imminent.,negative sentiment
I hate to do it but reducing DDD position today. Just getting too big in portfolio. Still very bullish.,positive sentiment
AAP - took down short exposure by 2/3,negative sentiment
Would be healthy and desirable for to eventually put in a little handle/shakeout before climb over present 58.90 pivot STDY,positive sentiment
"ed Weekly Triangle on MH,...Net Profit 4,895.75 (7.22%)",negative sentiment
"its time to put GOOG under the warming lamp and get some heat into it, just languishing for now",positive sentiment
"Green Weekly Triangle on MH,....Sell Short at 4.06",negative sentiment
"GOOG averages trading up, and this is lagging now. Actually near the lows. Not what you want to see. Strong support at 736-737.",negative sentiment
OC osing mkt share to JDS T now and looking for *much* lower prices. Will miss earnings too!,negative sentiment
WFC I think we go green at some point today,positive sentiment
user 3DTradingtrader if go over 6.60 I will sell more DEPO,negative sentiment
"So much topping action here. Shorting KEY at 8.90, Shorting CAT here at 95 with a stop at 95.6. ike these trades A OT.",negative sentiment
"MDSO - ong 27.51. Trailing Stop 37.00 from 7 prior Stops of 31.30, 30.17, 29.41, 27.86, 27.51, 25.15 and 22.79 -",positive sentiment
been talking about low priuced stocks flying- FCE buy was Tuesday - 30% gain way overbought now,positive sentiment
And there goes that 520 level on AAP.,negative sentiment
WPI - whoopie - that's the stocks nickname,negative sentiment
NFX is this developing a HGE cup&handle with pivot at 120?,positive sentiment
DNB Call volume spike ahead of earnings,positive sentiment
S have anyone noticed the HGE volume today? If this thing pushes through 6 today we might have a runner for next week.,positive sentiment
"MCP craters, management tells u biz sucks, all sorts of red flags, and some people call that bullish? bottom? delusionnal.. #youondrugs?",negative sentiment
"user IV having a down day today, but take a look at APO, 20 green days in a row since Dec 13th! Now, there's a rip and a tear!",positive sentiment
ST from watch list over lien a bit on volume of 51% of full day average,positive sentiment
"APO 20 green days in a row so far, but no new high yet today.",positive sentiment
Not looking for any sustained upward momentum until after next Friday's options expire. Too much interest in holding it down. AAP,positive sentiment
BAC I hate analyst.. They Scrap a beautiful day :(,positive sentiment
The big setup for early next week is GNC. It will probably run into earnings as market expects huge numbers. eports Feb 11 (long),positive sentiment
BAC at least it' is a resilient stock...,positive sentiment
CAT holding that 95 level beautifully today. Cup&Handle from September to January. A good market and this BEAKS OT.,positive sentiment
GD Trying to break d/t line after finding support at 200 sma. ikely needs GD to hold 158.5,positive sentiment
F 9.8 is a possibility before market close... so much power under the hood.,positive sentiment
"Green Weekly Triangle on KTOS,..pdating",negative sentiment
DE Approaching next level to Short back lower - 61.8% Fib and old,negative sentiment
F evel II easing a bit but still allowing the possibility of a late day run.,positive sentiment
AWK En Fuego part 2,positive sentiment
user welcome to the TK club,positive sentiment
GTAT healthy pullback on low volume after a nice run on heavy volume.Positive MACD divergence. ong,positive sentiment
TAB user alexcampbello This is what the street sees and hence lower she goes,negative sentiment
sold 3/4 of AN +0.27 (+2.94%) - keeping 1/4 of position overnight,positive sentiment
AAP - didn't get the pricing we wanted but added to the short after the close,negative sentiment
Market is looking strong. Think financials will catapult SPX towards 1500 next week. GS BAC,positive sentiment
AN breakout.,positive sentiment
HT bearish,negative sentiment
"Green Weekly Triangle on DN,....pdating",negative sentiment
Demand for breast implants at all-time highs - good or bad for economy? AGN old wallstrip too,positive sentiment
"...offhand, that includes in growth: EN Y SPF MHO ITB AD TTM HTZ DOM WK EMN PO SCA WO FET BCEI FXI HDB EVE ...",positive sentiment
Wk #2 perf 13 Stocks for '13: DDD DNKN FT INVN KOS NKD MOV NTSP AX SCCO SCA SSYS V,positive sentiment
NKD stormed back in week #2 with a 4.29% gain after being the dog in week #1 #13for2013,positive sentiment
cstr found support at 26 ema. nder the 50 sma tho look to short under 26 ema & add on cloud break,negative sentiment
pnra missed this one yest on the short side but will short under 50 sma,negative sentiment
NKD following FB lead. un to 122-124 before more resistance? user,positive sentiment
"Although sounds random, when AA is down on earnings (like this week) SPX down 0.62% next mo.",negative sentiment
"O - short setup if signal fires, like this, it will be a 50sma reject and weekly & monthly time frames look like they are weakening",negative sentiment
IMM didnt come out this XMAS with BB10 so they take over next XMAS - take share from AAP - they smart well timed,positive sentiment
user ShadowTrade1134 I think it's a fair analogy - VHS beat Beta because it was less expensive. AAP,negative sentiment
Bear flag? from,negative sentiment
PCN bull flag & pennant? from,positive sentiment
"DNDN: nice vol expansion friday, and may be worth watching for a few bucks.",positive sentiment
So what I used to do at Borders is called showrooming...i hope this works for TGT...the nature of retail is changing,negative sentiment
AAP Trend emains down and Giving Another Sell Signal...,negative sentiment
"user: SV super cheap stock, that appears to be getting ready . to fill a gap above current price! >Nice name 2",positive sentiment
"user jmixer INO since Jan 7 it is a green weekly that is why I closed my long at 0.67, my broker doesn't has share to borrow me,....",negative sentiment
user jmixer I will wait for 0.57 to re-charge again my weapon against INO,negative sentiment
ddd nice st/pennant pattern here. ook for a breakout,positive sentiment
IWD short 15 to 13.50,negative sentiment
AAP - Korea Hot Stocks-G Display falls on talks of Apple order cut -,negative sentiment
Sigh AAP will continue to keep QQQ down. I'd love to see AAP rebound on negative news.,positive sentiment
"AAP IMM: Apple reduces component orders for iPhone 5 on weak demand, WSJ says - Party is OVE!",negative sentiment
AAP i love you but I'm,negative sentiment
Song for AAP bulls,negative sentiment
"Today could be the day where AAP breaks 500 and the rest of the market doesn't care, what a change... #divorce QQQ SPY",positive sentiment
AAP The only thing you should ask yourself; is today the day to buy those Feb 480 puts...,negative sentiment
AAP - 25% of short covered - blows that system would not route to NYSEACA before 0700 EST when offerd below 499,negative sentiment
AAP - 1/2 short covered,negative sentiment
CS will play lower,negative sentiment
well done to those short aapl friday.....gutsy. got the news you needed.,positive sentiment
AAP under 500 is a great long term buy. Ignore the noise.,positive sentiment
Thank you AMZN for pricing Fire at 199 in Nov 2011. et's do same with a phone in 13 and the wireless service in 14. Customers WIN!,positive sentiment
JNP - acting well again - added some back,positive sentiment
"AAP - Bearish News at the Bottom, Or The Start of a New Downleg?",negative sentiment
AMZN has momentum. Its a better buy than AAP or GOOG for now. Close above 270 might push it to 300 quickly.,positive sentiment
"Green Monthly Triangle on CHTP,.....Net Profit 11,664.75 (115.73%)",negative sentiment
PCN wait for that close above 662-663 to get involved in this name. And watch for VOME to confirm uptrend continuation.,positive sentiment
"AAP sending a reminder to NOK,",negative sentiment
CMG - Still a good low risk/reward short below this descending trend line. Core short is Bear Calls,negative sentiment
COH close above 60 is extremely bullish. Watch it.,positive sentiment
HPQ heading back over 20 imo! Funds oading!,positive sentiment
BAC out of my swing trade for 8%. Protecting profits.,negative sentiment
I remain convinced you're either in Apple stock AAP for another five years... or you should have sold already. There is no middle ground.,positive sentiment
"I am long AAP (about break-even) and EAIEST I'd sell is 2014, if no dividend hike happens. PE is under 9 right now on FY14 EPS of 56.",positive sentiment
CSCO c'mon 21.,positive sentiment
aapl symmetrical triangle on 5 min looking for topside breakout,positive sentiment
AAP drops over 25% since Sep b/c of concerns of maybe a 10% bump in Android phone sales? #mathfail #oversell,positive sentiment
aapl in long per earlier tweet on topside breakout of ST,positive sentiment
AAP appears to be dragging down QQQ and SPY #stockaction,negative sentiment
"AMZN SNTA ANA all ripping today, even X setting new all-time highs this am.",positive sentiment
"FOM is breaking above Friday's high, a strong continuation higher is likely. Next resistance 5.37",positive sentiment
VVS ong set up:,positive sentiment
ook how long DE has been fixing itself. Miraculously HPQ has done what DE can't. Not! QQQ XK,negative sentiment
AAP Going to be interesting to see the pop and squeeze on Jan 23rd if we see a positive report.,positive sentiment
A week later these stocks are trending bullish: 5 Shale Plays for 2013 APC HES COP MO DS.B,positive sentiment
"user The rare earth business fundamentals are terrible right now and MCP has all sorts of issues on top of that, compelling ?!!!",negative sentiment
user xraystocktrader Great dividend pay and continued upside. Eager to see the next acquisitions CVX,positive sentiment
user Krisanti that is why I had mentioned that AAP sent a reminder to NOK,negative sentiment
drugs are back...lance is gone user: arge-cap Health is doing well. Both PFE and JNJ hit new 52-week highs this morning.,positive sentiment
"Marc Benioff Has Swagger, But What About That Income Statement? - CM",negative sentiment
"Green Weekly Triangle on SHO,....pdating",negative sentiment
user: ANF triggering at the 48.70 buy price. Nice 15 min candle. Need to build on this intra-day momentum,positive sentiment
HBI from watch list briefly went over line and puled back but volume is ok at 57% full day average,positive sentiment
XXIA 5-min found it helpful to watch the 9-period EMA pink - when using gap rule to protect profits,positive sentiment
AAP fills the upside gaps within an hr but takes an eternity to close the downside gaps. environment is clearly bearish,negative sentiment
nice DE.,positive sentiment
GW Higher volume on the way down as the news pumps the stock up doesn't sound very bullish to me.,negative sentiment
Student Nobiano made 14% roi on a BT trade. Great for you sir!,positive sentiment
user says you might double your money in closed end fund GSVC this year if Twitter pulls off a good IPO.,positive sentiment
bac fib levels,negative sentiment
F is a buy to 11 imo. That's my price target for Feb options.,positive sentiment
Triple bottoms are rare. This is the third time that AAP traded near 500 in last 2 months. Still too many AAP fanboys. AAP,negative sentiment
here at hedgestreettrading we are very on sons,positive sentiment
HPQ my 17.50 calls Are Happy Now!,positive sentiment
"HPQ Trading at a Multiple, oad the Freaking BOAT IMO!",positive sentiment
Awesomeness...Monday links: swapping risks & around the financial blogosphere. via user AAP JO GA,positive sentiment
Going Private is the new Going Public. DE,negative sentiment
user T3ive A looks very strong for a breakout play.,positive sentiment
CSCO MSH! MSH! MSH!! 21.00 c'mon mon..,positive sentiment
"etail drill-down raises questions - XY, XT, TH - SPX, SPY, M, GPS",negative sentiment
F coiling so hard right now,positive sentiment
K: ong 53.69. Trailing Stop 52.16 from 2 prior Stops of 51.25 and 51.05 -,positive sentiment
"Si VFC alcanza los 153,98 , reconfirmaci?n de la tendencia que lleva la sesi?n, provechando el rally alcista de final de sesi?n....",positive sentiment
DE 5x vol many people gonna lose their butt if there is no buyout,negative sentiment
I think way too many people bought these dips to 500 and won't know what to do with aapl at 420....no plan equals all our mess,positive sentiment
Jeff Bezos...having just a wonderful day....as usual....and he's thin. Bastard.  amzn,positive sentiment
CSCO OO!! 21.,positive sentiment
AAP lets see if we say goodbye to 500 today.,negative sentiment
I totally helped beat revenues...i do and I do and I do ...but yoga bores me and western world will bore of it as well #doritos,negative sentiment
Why can't they take AAP out of the index? It's holding everyone back! Slacker !!,negative sentiment
"Green Weekly Triangle on SONC,....Sell Short at 10.96",negative sentiment
user: DE 14.75 would fill a huge gap from 5/22/12 lol good luck with that,negative sentiment
"ssys website investor relation page uses morningstar stats to quote mkt cap. MON Statistics are wrong. there r more shares out, way more",negative sentiment
Shares of FOM are drying up as the accumulation continues. Daily technical indicators are bullish.,positive sentiment
"ABC 123 Clearing up and out of a nice base, #Drugs PJP SPX SPY",positive sentiment
"user an error on Morn data.its not updated. shares outstanding equals 41 million , not 21million. mkt cap 3.4 bil not 1.8 bil",negative sentiment
user i stumbled upon a data discrepency for SSYS. On MON YHOO and ssys website it says 21m shares out. really 41m shares out,negative sentiment
SNTS Getting puts at the open. eally pleased that a decision came after hours. Allows for much better entries into positions.,negative sentiment
SFY would start with a trade to the second line - so starting over 33.30,positive sentiment
A typical set up - Over 26.11,positive sentiment
"INAP 717, riding 10MA, extended, based, bolly deviation1 & 10MA right under, room to upper bolly",positive sentiment
AAP needs to hold here 500 or could see lower prices. Earnings within couple wks,negative sentiment
"HPQ oad every dip, everyone wants in!",positive sentiment
. user: AAP hits 491.50. Hedge fund margin (leverage) highest level since 2004. The question is how many hedge funds blew up today?,positive sentiment
Out of my aapl 490p at 8.50 for 47% 5K!,positive sentiment
GNC is perking up despite general market weakness. One of the better risk/reward long setups (long),positive sentiment
user: PI nice early action... on watch,positive sentiment
PO is perking up again. Very strong specialty chemicals' stock,positive sentiment
JPM wants to go higher. XF SPY,positive sentiment
DE outside bbands - I have to believe this pulls in a bit.,negative sentiment
"BK - want to buy lower but hourly showing improvement, added to long",positive sentiment
AAP - took 1/2 of remaining short off,negative sentiment
tol finding support at top of the cloud,positive sentiment
ZCS broke out last week & has held up well pulling back on low volume. Keep an eye for a possible breakout over .83,positive sentiment
"CSN,....sell short at 9.38 scaling",negative sentiment
New Blog Post - 'Momentum Monday - AAP dip buyers missing the market mojo...,positive sentiment
"AMPE,...sell short at 4.48, scaling",negative sentiment
So to be sure. Everyone can short AAP and make money. Everyone is going to jump in when market crashes on Debt Ceiling. Perfect.,negative sentiment
Great move by Guggenheim in hiring ex interim CEO of YHOO...,positive sentiment
AMZN has a pretty strong intraday support at 269.5. I'm still in until that support breaks.,positive sentiment
APKT back over 24 here is where it gets interesting,positive sentiment
AAP when are earnings?,positive sentiment
"Don't look now, but INT is clearing all-time highs. 10th time is the charm",positive sentiment
user: erased the opening drive down. still down 4 so plenty of room...let it consolidate,positive sentiment
GOOG that's some nice and fast move off the lows.,positive sentiment
"Again, this mkt is FAT while AAP is down 2.5% cratering thru huge psychological level, tells me this tape is strong SPY #dontbeshort",positive sentiment
AMZN remember holding 269.5 is very important for break out continuation. Watch it. I'm long and will add on break of yesterdays high.,positive sentiment
user: HEO beautiful flag forming...7 and 10 eventually,positive sentiment
"DEPO sell short 6.43 scaling, next level 6.27",negative sentiment
"AAP Study These easons Why Apple Failed, and Where It's Going STDY",negative sentiment
user: NVDA is a growing cash cow with a 20 P.T by EOY 2013-2014 XK AMD STX QCOM INTC #Technology,positive sentiment
PATH See no real company or new drug approval value lost!!! just shorters manipulation,positive sentiment
THC from watch list set up well yesterday and today above line - volume 46% of ave full day,positive sentiment
AJ from watch list triggered a few cents yesterday and continues today - volume 41%,positive sentiment
ODP - Breaking out from resistance,positive sentiment
aapl 484 going to level in to an aapl trade today for a daytrade to the long side....first quarter buy now.,positive sentiment
no reason for you to try to get cute and try aapl long.. stick with trend until it [rev] holds above 489 and 500,negative sentiment
AN - Confirming nicely today. Seeing a double bottom on the daily & now pushing above the 20 day moving average of 9.53. Good action.,positive sentiment
TAB Mikel H. Williams helped the acquisition of Viasystems Group and Dennis F. Strigl use to be COO of Verizon Com & CEO Verizon Wirless!!,positive sentiment
"Flipping out the AAP trade for 6 points ....never got the meaty trade off. still obviusly long, chipping away",positive sentiment
user AAP In what world did Apple expect to order components for 65 million iPhone 5 handsets in the seasonally soft March quarter?,positive sentiment
SWHC Obama/Biden to speak tomorrow on gun control legislation...,positive sentiment
"user a lots, I want to cover at 3.88, so I have to complete 25 to 35K of shares AMPE",negative sentiment
CMG Not the most exciting stock lately however upward trend still in tact; consistently pushing above the 20 day average. 297.00 now key.,positive sentiment
eading Stocks eading & Stock Market ESIIENT on down days. Further indication ally to continue. ES_F GNC NSM EVE DDD STI NF,positive sentiment
APO Being accumulated. Bounce off critical support and above the 50 day (+20.00) tells me that this now (likely) continues higher.,positive sentiment
AAP Just broke through a downward triangle coming off a massive head and shoulders. This thing is toast.,negative sentiment
AAP The number one problem is that earnings expectations are way too high and the smart money knows this.,negative sentiment
CHK squeezie,positive sentiment
VVS breaking out of a flag setup. MACD cross-up. ong,positive sentiment
CHK 15 min kelt/bbands fired earlier while at lunch out 1/2 the 17.50 this AM +100%,positive sentiment
"HPQ and here she comes back, if DE gets bought out HPQ will ocket!",positive sentiment
AAP dumping into the close still see this going sub 400 maybe at or after earnings report in a wk or two. GY TOWN,negative sentiment
AAP Why do so many people believe that Apple should be commenting about stock decline b/4 EC? It's called the quiet period for a reason.,positive sentiment
DGI DDD both acting strong ending at hod with decent volume at the end.,positive sentiment
"ed Monthly Triangle on CYTX,....Net Profit 9,845.00 (11.01%)",negative sentiment
"Green Weekly Triangle on CYTX,....Sell Short at 3.02",negative sentiment
WMB might fill this gap and reverse.,positive sentiment
FS - inside day - we will add to long on break above & our stop lives a little below 30 area,positive sentiment
AAP Probabilities rising for a test of the 2003 trendline in the ST. Mean reversion pts to 350.,negative sentiment
"WFM - looks like a bear flag, we are short, will respect the flag and exit on a close above",negative sentiment
BCEI Over 31.30,positive sentiment
DCTH Back over 1.52 - 1.55 is you like volatility and low priced ones,positive sentiment
AMZN - still in its uptrend motion. Buy dips.,positive sentiment
NFX - next resistance level is at 110,positive sentiment
PCN - long setup,positive sentiment
"AAP If it breaks the 5 year support line, Apple would have to depend on iTV to take it the 52wk-h",negative sentiment
VG is consolidating inside a large ascending triangle w/ TP of around 3. Breakout watch over 2.55,positive sentiment
"AAP trading close to point&figure trend line support. Next target is 470, at trend support.",negative sentiment
BAC Yep it Will B a good day for Financial... As soon as we have volume (9.30am) it will ise P !,positive sentiment
CIE COX CMG getting smacked off the open,negative sentiment
SSYS postpone Q4 release from Feb to approx March 4th.,negative sentiment
"Check out list of top performers since AAP peak, from user - Dogs like FS DE? +80% in NFX? Please.",negative sentiment
NEW POST: Positive Earnings and Cost Containment Continue to Propel MS,positive sentiment
GOOG and AMZN showing some early weakness.,negative sentiment
If AMZN takes out yesterdays lows ONG better be careful.,negative sentiment
if AAP reverses early gains QQQ will be in really big problems.,negative sentiment
"OABC - ong 16.55. Trailing Stop 22.80 from 8 prior Stops of 21.16, 20.18, 19.00, 18.70, ... 16.74, 15.90 & 15.25",positive sentiment
"TWC on the way to potential breakout over 99 channel. Tgt 100, 102. Wht u think user",positive sentiment
NVDA breaking 30 min trend,positive sentiment
"AAP ong position in Apple after reaching 503,38 . Maximum of the day. Stop loss 500,4 .",positive sentiment
"CEG Too high, too fast. This one is well due for a pull back here. 100.00 is key.",negative sentiment
"AAP If Apple reaches 504,44 , change the Stop oss and put it in 501,60 . Also a chance to go long.",positive sentiment
ANN - 200 period - hammering. ooks good. 4 month pattern.,positive sentiment
BAC p p Step By Step... esistance 11.65-67,positive sentiment
Dip buyers alive and well everywhere... user: Dip buyers alive and well in JPM.,positive sentiment
NVT at 1.73 vs. OC at 1.73 I went w/ OC vol difference today but should roll over by end of wk. OC just my opinion could be wrong,positive sentiment
"Green Weekly Triangle on GPN,...pdating",negative sentiment
BAC 11.75 -12.00 Today ???,positive sentiment
CNDO - we are in at 5.78. ooking for 7% on this one.,positive sentiment
NVT has the most unusual increase in #socialvolume,positive sentiment
ong CF,positive sentiment
"FIO ioSCale announced today at Open Compute Summit for hyperscale & spinning disk replacement, another game changer",positive sentiment
user: Twitter followers! Are you bullish or bearish on AAP ? We want to know. Bullish and cautious! =^.^=,positive sentiment
NVDA - IHS daily oversold,positive sentiment
DECK Once again proving to be bullish (confirming) bouncing above the 20 day on increased volume.,positive sentiment
AAP Still long. Bulls in charge today.,positive sentiment
user: NFX ising wedge. Normally bearish. Close below 94 confirms.  > nice one,negative sentiment
CSN did not catch the bottom but bought some on weird dip - hope that manipulation means good things to come,positive sentiment
GS a solid move higher into new highs today on on strong volume.,positive sentiment
NYNY moving right along.,positive sentiment
Student Stephanie N said HOY GACAMOE!!! In 30 SECONDS I made 24% OI on NFX.. :-D user TradeSmart,negative sentiment
"ed Weekly Triangle on CSN,....ong at 6.8815",positive sentiment
AAP 100 week support,negative sentiment
WCG onged today swing...,positive sentiment
"AAP One of the most reliable patterns I've come across, surprising its an intraday pattern. study",positive sentiment
YHOO volume is BIG. Closing above 20 today will give enough fire to make a new 52 week high later this week.,positive sentiment
HPQ opens over 18 tomorrow!,positive sentiment
"user hey great call on HPQ, you think funds are buying now O!",positive sentiment
BAC IMHO think will gap up on E,positive sentiment
"HPQ I'm going to nail this Mofo! HPQ going to be in the Spotlight tonight, ooking for a eal Gapper tomorrow!",positive sentiment
SWHC bet PM will be mid to high 9's,positive sentiment
AAP We are long Call atio Back Spread 510/505,positive sentiment
"user HPQ that double top will be taken out by the close, watch and learn!",positive sentiment
G SWHC Market may be figuring out legislation on guns won't pass or be much at all. Shootings? Time to load up.,positive sentiment
BAC ike I told 11.75 in AfterMrkt = Very Good Setp for Tmorrow ! :),positive sentiment
"The GOOG daily chaos event is looking good green line is moving above white, just like dec9 move",positive sentiment
"Green Weekly Triangle on CYTX,....pdating",negative sentiment
"HPQ Autonomy was being looked at as a total loss, now they could sell it if they so wish??? HPQ in a strong ptrend here! OAD!",positive sentiment
Apples are falling down? AAP,negative sentiment
HPQ how many upgrades tomorrow assuming Autonomy is now worth something...,positive sentiment
HPQ very nice close imo!,positive sentiment
"FOD cover at 3.93,....net profit 1,571.00,...ugly triangle, no more with FOD",negative sentiment
CSN My target remains at 9 before the data! More news...,positive sentiment
DVA really nice break through DT line on volume today,positive sentiment
SSYS exuberance is a stock generating 2million in operational cash flow for 9mos trading at 3.4 billion. or u could say a top,negative sentiment
Big win for brokers... New Mini Options Bring Big Changes For Traders via user SPY AAP GOOG AMZN GD,positive sentiment
"WMt buy signal was too easy, just the math baby, and good discount too !",positive sentiment
some thought my M call was too early but it screamed fashion makeover and WOW we look good now,positive sentiment
JPM - a whale of a trader,positive sentiment
Now watching BA,negative sentiment
"CMG > keep these levels in mind: bounce to 284-288, followed by down leg to 238, a bounce to 254, and down leg to 212 / 202.",negative sentiment
V Over 11.35,positive sentiment
Disney's new Infinity game is going to be huge. My take DIS ATVI,positive sentiment
"BA Now it will come back to haunt them for years, as they say, you eap what you Sow",negative sentiment
"PGX no hype, spot 6.88/.90, b/out 6.91, no resist on daily til 200SMA 7.33ish, 50SMA sliding under",positive sentiment
DN first hint of trendline break to the upside ?,positive sentiment
"AAP Going on my confirmed theory selling came from those with inside info last 45 days, cat is now out of bag, no suckers left, bullish",positive sentiment
AAP Another Downgrade ! Broken,negative sentiment
BAC Bank Of America Earnings Stronger Than Expected,positive sentiment
GOOG and AMZN calls are on my watch list for a day trade. Taking a break from AAP,positive sentiment
AIG Going up in the premarket so somebody knows something I don't know.,positive sentiment
BAC since the earnings did not seem to impact the price a break over 12 is in the cards. Good longterm hold.,positive sentiment
ANY looking good for 22.50 calls :),positive sentiment
"user: GOOG put options at 8 year high, interesting",negative sentiment
Trade Setup AKAM -,positive sentiment
Trade Setup AA -,positive sentiment
Trade Setup CF -,positive sentiment
OW PT hit and now at resistance,positive sentiment
SANM from watch list with volume of 9% ave full day - slightly over line,positive sentiment
"HPQ should Explode today, 18 coming imo!",positive sentiment
CEG Confirming the expectation below 98.50. ikely to crack here.,negative sentiment
You can't garden wall a browser AMZN AAP,positive sentiment
American Apparel APP presents at 11:05,positive sentiment
CSN Correction: Thermodox is a nanosoccer ball that's anti-vascular as well as anti-neoplastic!,positive sentiment
PI daily thx for the heads up user,positive sentiment
GME over 23.40 here looks good to go,positive sentiment
"WOW, just saw the price of next weeks (E 1/22) GOOG 720c at 20!",positive sentiment
raising stop on OW right under today's low around 35.90,positive sentiment
"WN: ong 19.79. Trailing Stop 26.64 from 7 prior Stops of 24.39, 23.76, 20.42, 19.79, 18.09, 17.13 and 16.39 -",positive sentiment
"When is Demark coming back to prop up AAP? Yesterday a classic dead cat bounce.  Now a value stock, need go lower to find size buyers.",negative sentiment
NG - liked it where stewie mentioned - off the 20MA. First pullbk2 same would B good 2nd entry,positive sentiment
IN SOME ANA,positive sentiment
Bookmark arry Page on why Moonshots matter ...must be why options markets exist :) goog,positive sentiment
SWY - now drinking Safeway store brand (Columbian whole bean) coffee out of SBX cup,positive sentiment
Back in BK long. Nice reaction to earnings. This has the makings of a runaway/measuring type gap.,positive sentiment
KOS kept wishing it was first cousin. looking good here.,positive sentiment
"TIVO holding well above MA(50) 11.60 this morning, I believe it is a long setup",positive sentiment
SMB adar weak today FAST ADTN CAM,negative sentiment
ssys adds over 100 million in market cap today,negative sentiment
user: ANA looks like a coil setting up,positive sentiment
HOTT FNGN PIM FNF - moonshots all over,positive sentiment
"WMT - H/S, struggling at the 200dma as well, MM target about 10 handles to that gap fil below",negative sentiment
IPX biotech on watchlist with vol of 42% full day ave moving toward gap and 200-day needs more vol,positive sentiment
SWY - wow doing a number on the bears this week - scaled out of a little today,positive sentiment
AAP 900 lot offered in the eg Jan 500 Put at 1.71. -28 delta put could push the stock up or create support,positive sentiment
WCG Everybody looking for something to buy...basement trade w/fundamentals...,positive sentiment
AMZN trying to break higher,positive sentiment
"user INTC Yep i had to follow that money, looks like something good is coming down the pipelines!",positive sentiment
BA SHOT 130 75.25,negative sentiment
"Green Weekly & Monthly Triangle on ISIS,....Sell Short at 14.14",negative sentiment
GS exploded in the last hour. Green bars since 1.,positive sentiment
"BAC has to turn and run with the SPY, watch for EOD eversal!",positive sentiment
FAF looks good. Pivot range 24.87 to 26.11 Volume +76% today. See if close and/or get over days highs at 25.60.,positive sentiment
"user AM is down because, who really buys cards after Christmas?",negative sentiment
"C Big Pop, BAC to Follow!",positive sentiment
"WPI - inside day cracks to downside, we are already short - no add here",negative sentiment
ZNGA There are a lot of supports here SMAs. I just bot few shares at 2.54 Falling on low volume,positive sentiment
GEVO Watch for a break above 2.08 to test the recent highs at 2.43,positive sentiment
ssys Voyant Advisors negative report. sees high risk in earnings. An earnings risk 9 on a scale 1 to10,negative sentiment
"ssys on Nov. 13 report Piper Jaffray put new price target in report at 76, Dougherty in December's report put tgt at 67",negative sentiment
user: : BAC Consolidation in progress... yep its consolidating to 10> Should go to Emotions Anonymous Take it to hard !,positive sentiment
ZION Cup & Handle pattern. The stock would confirm the pattern by breaking up through the 22.8,positive sentiment
GEVO Broke out of a bull flag pattern to the upside today & the move was accompanied by high volume,positive sentiment
Added to holdings in AAP BID FB in AH. Also holding DDD. Down to 25% cash.,positive sentiment
"BAC Hawken has a price target of 11.50, estimating the company will earn 95 cents in 2013,",positive sentiment
Nice one from user Marketshare or Margin....the AAP dilemma...,positive sentiment
"DPZ nice intraday upward reversal adding to the bull flag, keep on watch for move over 46",positive sentiment
"TEX another nice bull flag, watch for the MACD to signal next breakout",positive sentiment
"WH also a strong day today, looks ready for the next leg up",positive sentiment
"GMC keeping a nice consolidation, should make a big move soon, MACD & SI turning up",positive sentiment
"AJ really strong up here, but caution overbought SI and declining MACD",positive sentiment
"CEN nice gap support, looks ready to head higher",positive sentiment
"WYNN nice bullish consolidation, could pop soon",positive sentiment
"VS similar pattern to WYNN, bull flag building, keep on watch",positive sentiment
A in a clear downtrend with no sign of relief,negative sentiment
"also not very healthy, fell back below DT line after breaking it, SI weak, MACD turning down",negative sentiment
"NFX hammer on the breakout back-test, watch tomorrow for a bounce",positive sentiment
INTC Anyone have any thoughts on how late algo trading and option OI will affect the stock price tomorrow? My guess 20.50 to 21.50 at close,positive sentiment
Need body parts? IHI SYK MDT ZMH user nice call BSX,positive sentiment
"AAP QIH The cheapest, most transparent China play is Apple. I avoid SOEs... management decisions based on guanxi and party interests.",positive sentiment
"user a36tran user as I said many times AAP big money is shifting towards this stock - that what I did 11,12,13,14",positive sentiment
OW Breaking out to a new 52 week high.,positive sentiment
G has been quiet lately; good to get in before the pop,positive sentiment
IF Over 19.60,positive sentiment
"Intel earnings - capex & mobile matter not EPS. I mean, is the PC biz decline news to you? INTC HPQ AAP DE AMH",positive sentiment
NEW Blog Post- Watchlist 01/17. F KBH GPX SSQ SBX CSOD HD WT OCN EBAY TEX I CHK ITG S,positive sentiment
BAC user Hope for a consolidation at this level if it drop it will stop to 11 support. Nxt 4-5 day s to come back to12 IMHO.,positive sentiment
Hot osers FNS TSX INTC AMN JDS,negative sentiment
"GEO nice pop this morning, moving stop up to breakeven",positive sentiment
long ACI 7.39,positive sentiment
CEE - to be clear - no chasing - entered Monday ong,positive sentiment
"ADBE continues to weaken, not following market. Short on break under 37.60. user",negative sentiment
"V so far found support on the ceiling of the old channel, will look good if it holds above it",positive sentiment
"user: ADBE continues to weaken, not following market. Short on break under 37.60. user",negative sentiment
"SHW - ong 131.42. Trailing Stop 140.12 from 4 Stops of 138.36, 125.06, 122.79 and 118.70 -",positive sentiment
"BAC fully engaged within a secondary reaction off of its 12.43 high on 1/07, and points to 10.80/50 target zone",negative sentiment
BAC still see this getting back to 10.50 possibly lower when the overall market pulls back next month.,negative sentiment
"user: G two weeks away from its earning, ready to rocket within two days",positive sentiment
AAP > the 497 area will likely fail.,negative sentiment
WH gap filled,positive sentiment
Monday AAP said 500 pin - still confident of close to a 500 pin for - take a look at this crazy OI spike.,positive sentiment
STT strong bounce today continues to make new highs - been sharing this one for days now. Nice run,positive sentiment
BIOF looking very strong, I would like to see a pullback to re-enter.,positive sentiment
AAP -  percolating? Perhaps a push above 500 soon...,negative sentiment
"SWY - corn on a run, bears getting the cob SWY",positive sentiment
"AAP Wall St. most hated stock currently. Careful short, anything short of disaster will be viewed positively. Bit risky long. #MainEvent",positive sentiment
FIO: Insightful analysis on how Fusion-io is avoiding commoditization (via user):,positive sentiment
"MCP.. sorry kids but Nissan, Siemens = NOT getting in the mining business, but have some fun buying whatever somebody is trying to unload..",negative sentiment
"CSN I know it's a crazy thought, but WHAT IF this goes green by EOD?",positive sentiment
SCHW - breaks out of flag,positive sentiment
Marijuana stocks smoking MJNS CBIS HEMP the new trend. Next hot sector Biofuels PEIX SYNM BIOF money in focus,positive sentiment
WH nice rounded reversal pattern intraday since the gap fill,positive sentiment
"ES_F spikes off bottom. eading Stocks comatose but still leading. WAKE P!! OCN SBGI NSM FIVE GNC Makes you say, hmmmm?!?!",positive sentiment
AMAT reached very high overbought conditions. I will wait for a pullback to enter long,positive sentiment
"ACI Option trader buys 20k of the Feb 7P on a hard offer vs. OI of only 1,400. Earnings are Feb 5th BMO. Could be a hedge against long stk",negative sentiment
ZION Stalking. Cup & Handle potential breakout w/ anemic volume on Handle. Breakout candidate,positive sentiment
VFC - we are short this one again - bulls need to hold the support it is in now or the break could be significant,negative sentiment
BAC anyone think this might slush and fall below 11 today?,negative sentiment
Big boy stock GE starting to build a very constructive right side of a current 14-week cup base.,positive sentiment
AAP This possibility exists,positive sentiment
"egarding , going into KSS WMT TGT TJX OSS you see so many copycat clothing items, reminds me of COX 70+ ----> Sub 1",negative sentiment
"DNKN not seeing a lot of talk about this one, but put in another nice day in this steady uptrend",positive sentiment
"Green Weekly Triangle on ESSX,....pdating",negative sentiment
"AppleSoft: No, It Was Not Different This Time - AAP",negative sentiment
"Green Weekly Triangle on HBAN,...pdating",negative sentiment
ltra base? TEK #ltratech Step it up! #Stepper,positive sentiment
in dec GE long in the IA's under 20.00 stock had plague now world loves it 22+ tells me we headed down now just as then knew we heading up,negative sentiment
XCO 6.50 Wilbur oss has a stake in NG GA GAZ has done well taking 1/2 or All Maybe resistance 4 possible swing trade DGAZ BIOF,positive sentiment
